id_venta;fecha;ciudad;producto;canal;unidades;precio;cliente
1000;2026-09-15;Málaga;portátil;tienda;10;809,91;CLI-285
1001;2026-10-28;Huelva;ratón;tienda;1;13,75;CLI-042
1002;2026-02-20;Huelva;portátil;tienda;11;809,91;CLI-252
1003;2026-04-18;Cádiz;impresora;online;6;134,91;CLI-183
1004;2026-06-24;Málaga;ratón;teléfono;9;12,50;CLI-150
1005;2026-03-14;Almería;teclado;tienda;12;27,50;CLI-189
1006;2026-08-05;Málaga;teclado;online;10;27,50;CLI-284
1007;2026-08-06;Huelva;ratón;online;9;12,50;CLI-133
1008;2026-09-20;Granada;ratón;teléfono;4;13,75;CLI-067
1009;2026-11-15;Cádiz;portátil;online;3;899,90;CLI-247
1010;2026-11-17;Huelva;monitor;teléfono;8;180,00;CLI-280
1011;2026-12-09;Almería;teclado;teléfono;11;27,50;CLI-257
1012;2026-07-25;Cádiz;impresora;tienda;5;164,89;CLI-138
1013;2026-03-18;Huelva;portátil;teléfono;8;899,90;CLI-185
1014;2026-12-21;Huelva;monitor;online;9;162,00;CLI-255
1015;2026-05-29;Jaén;ratón;online;2;12,50;CLI-225
1016;2026-08-20;Sevilla;impresora;online;12;134,91;CLI-246
1017;2026-09-13;Jaén;portátil;tienda;4;809,91;CLI-211
1018;2026-01-08;Málaga;monitor;tienda;8;198,00;CLI-298
1019;2026-11-09;Córdoba;tablet;tienda;2;349,00;CLI-023
1020;2026-12-09;Jaén;tablet;tienda;1;314,10;CLI-161
1021;2026-12-20;Sevilla;impresora;teléfono;4;164,89;CLI-243
1022;2026-11-03;Almería;tablet;tienda;7;349,00;CLI-082
1023;2026-09-17;Cádiz;monitor;online;;162,00;CLI-267
1024;2026-01-08;Málaga;monitor;online;2;198,00;CLI-027
1025;2026-01-14;Granada;teclado;teléfono;8;22,50;CLI-168
1026;2026-08-19;Jaén;impresora;tienda;8;134,91;CLI-239
1027;2026-03-20;Córdoba;tablet;online;10;349,00;CLI-173
1028;2026-12-14;Málaga;ratón;teléfono;7;12,50;CLI-018
1029;2026-01-24;Granada;monitor;online;11;180,00;CLI-097
1030;2026-03-08;Córdoba;ratón;teléfono;3;12,50;CLI-083
1031;2026-07-19;Almería;impresora;online;9;149,90;CLI-213
1032;2026-06-06;Sevilla;portátil;online;3;989,89;CLI-135
1033;2026-08-01;Almería;ratón;online;3;13,75;CLI-167
1034;2026-08-16;Málaga;tablet;teléfono;9;383,90;CLI-141
1035;2026-04-29;Granada;portátil;tienda;8;899,90;CLI-170
1036;2026-01-14;Jaén;ratón;tienda;6;12,50;CLI-288
1037;2026-02-26;Almería;impresora;teléfono;10;149,90;CLI-110
1038;2026-10-16;Almería;tablet;teléfono;9;314,10;CLI-068
1039;2026-02-19;Cádiz;portátil;tienda;2;809,91;CLI-031
1040;2026-11-27;Málaga;teclado;teléfono;6;25,00;CLI-142
1041;2026-05-30;Jaén;tablet;tienda;5;349,00;CLI-132
1042;2026-07-30;Almería;portátil;online;1;899,90;CLI-030
1043;2026-01-12;Almería;portátil;tienda;2;899,90;CLI-288
1044;2026-06-11;Huelva;tablet;teléfono;11;314,10;CLI-020
1045;2026-11-08;Córdoba;ratón;teléfono;8;11,25;CLI-219
1046;2026-12-18;Jaén;impresora;teléfono;11;149,90;CLI-129
1047;2026-07-02;Granada;ratón;teléfono;;11,25;CLI-224
1048;2026-12-22;Jaén;portátil;online;12;809,91;CLI-063
1049;2026-06-13;Granada;teclado;teléfono;6;27,50;CLI-102
1050;2026-02-27;Sevilla;tablet;teléfono;2;349,00;CLI-061
1051;2026-09-25;Jaén;portátil;teléfono;11;899,90;CLI-155
1052;2026-10-24;Sevilla;portátil;online;7;989,89;CLI-197
1053;2026-08-04;Córdoba;ratón;tienda;3;12,50;CLI-278
1054;2026-05-11;Sevilla;portátil;tienda;1;989,89;CLI-009
1055;2026-08-02;Almería;teclado;online;3;27,50;CLI-046
1056;2026-11-29;Almería;monitor;online;11;180,00;CLI-267
1057;2026-01-29;Granada;impresora;teléfono;4;134,91;CLI-241
1058;2026-12-14;Sevilla;portátil;teléfono;7;899,90;CLI-185
1059;2026-06-25;Córdoba;monitor;online;6;162,00;CLI-236
1060;2026-10-08;Huelva;impresora;teléfono;10;164,89;CLI-160
1061;2026-11-18;Cádiz;monitor;tienda;8;180,00;CLI-003
1062;2026-01-20;Sevilla;teclado;tienda;5;27,50;CLI-191
1063;2026-03-12;Málaga;tablet;tienda;9;314,10;CLI-112
1064;2026-10-21;Granada;impresora;online;7;134,91;CLI-276
1065;2026-09-18;Málaga;tablet;tienda;3;349,00;CLI-200
1066;2026-06-08;Granada;teclado;teléfono;10;22,50;CLI-098
1067;2026-06-01;Almería;monitor;;3;162,00;CLI-199
1068;2026-11-07;Huelva;monitor;online;6;180,00;CLI-276
1069;2026-04-02;Jaén;monitor;teléfono;3;180,00;CLI-084
1070;2026-09-21;Granada;portátil;online;;899,90;CLI-189
1071;2026-09-30;Sevilla;teclado;teléfono;10;25,00;CLI-128
1072;2026-06-17;Huelva;monitor;tienda;12;180,00;CLI-038
1073;2026-11-12;Almería;ratón;teléfono;2;11,25;CLI-179
1074;2026-03-03;Córdoba;ratón;online;11;13,75;CLI-234
1075;2026-02-12;Málaga;tablet;tienda;8;314,10;CLI-160
1076;2026-03-28;Jaén;teclado;online;9;25,00;CLI-288
1077;2026-12-03;  HUELVA ;teclado;online;6;22,50;CLI-091
1078;2026-04-23;Jaén;monitor;online;7;198,00;CLI-196
1079;2026-08-15;Sevilla;monitor;online;5;180,00;CLI-169
1080;2026-05-17;Huelva;portátil;online;3;809,91;CLI-280
1081;2026-04-30;  JAÉN ;impresora;tienda;9;134,91;CLI-064
1082;2026-10-22;Huelva;teclado;teléfono;7;22,50;CLI-205
1083;2026-12-12;Cádiz;portátil;online;2;809,91;CLI-254
1084;2026-08-06;  JAÉN ;impresora;teléfono;6;149,90;CLI-031
1085;2026-01-06;Almería;ratón;teléfono;12;12,50;CLI-130
1086;2026-10-24;Cádiz;monitor;online;8;162,00;CLI-174
1087;2026-04-23;Málaga;portátil;teléfono;5;899,90;CLI-168
1088;2026-08-23;Almería;portátil;teléfono;11;899,90;CLI-190
1089;2026-10-03;Granada;portátil;tienda;3;899,90;CLI-169
1090;2026-04-16;Sevilla;monitor;teléfono;5;198,00;CLI-044
1091;2026-12-31;Sevilla;tablet;tienda;1;383,90;CLI-139
1092;2026-04-05;  CÓRDOBA ;ratón;online;11;12,50;CLI-175
1093;2026-06-12;Huelva;teclado;online;8;22,50;CLI-168
1094;2026-11-26;Huelva;teclado;tienda;1;25,00;CLI-247
1095;2026-08-27;Córdoba;teclado;online;5;22,50;CLI-263
1096;2026-06-05;Córdoba;impresora;teléfono;1;164,89;CLI-211
1097;2026-09-05;Málaga;portátil;teléfono;9;809,91;CLI-167
1098;2026-12-05;Jaén;ratón;online;3;11,25;CLI-040
1099;2026-05-12;Cádiz;tablet;teléfono;2;349,00;CLI-110
1100;2026-05-04;Córdoba;portátil;online;9;989,89;CLI-270
1101;2026-05-19;Huelva;monitor;tienda;9;180,00;CLI-167
1102;2026-09-30;Córdoba;teclado;tienda;10;27,50;CLI-283
1103;2026-03-15;Sevilla;impresora;teléfono;10;149,90;CLI-032
1104;2026-05-24;Almería;impresora;tienda;3;149,90;CLI-137
1105;2026-03-07;Huelva;tablet;tienda;3;314,10;CLI-028
1106;2026-07-31;Huelva;monitor;teléfono;1;180,00;CLI-154
1107;2026-10-05;Málaga;monitor;online;11;162,00;CLI-209
1108;2026-03-16;Granada;monitor;online;1;162,00;CLI-030
1109;2026-10-28;Almería;portátil;online;1;809,91;CLI-084
1110;2026-02-16;Cádiz;tablet;teléfono;7;349,00;CLI-103
1111;2026-04-26;Huelva;monitor;tienda;6;180,00;CLI-082
1112;2026-08-05;Huelva;tablet;online;12;383,90;CLI-108
1113;2026-10-14;Huelva;teclado;tienda;4;27,50;CLI-101
1114;2026-07-01;Sevilla;portátil;tienda;3;899,90;CLI-105
1115;2026-04-07;Cádiz;impresora;tienda;9;164,89;CLI-075
1116;2026-05-28;Jaén;impresora;online;1;134,91;CLI-245
1117;2026-05-20;Jaén;tablet;online;3;383,90;CLI-056
1118;2026-07-03;Huelva;monitor;online;10;180,00;CLI-025
1119;2026-05-11;Málaga;impresora;online;8;134,91;CLI-178
1120;2026-05-22;Almería;tablet;tienda;2;349,00;CLI-022
1121;2026-10-16;Málaga;portátil;online;11;989,89;CLI-295
1122;2026-10-04;Granada;ratón;tienda;6;13,75;CLI-069
1123;2026-07-20;Málaga;portátil;tienda;9;899,90;CLI-131
1124;2026-02-06;Málaga;portátil;teléfono;6;899,90;CLI-079
1125;2026-05-04;Jaén;teclado;teléfono;8;27,50;CLI-125
1126;2026-09-21;Jaén;ratón;online;1;12,50;CLI-251
1127;2026-08-13;Córdoba;monitor;tienda;10;180,00;CLI-244
1128;2026-09-05;Granada;tablet;online;4;383,90;CLI-197
1129;2026-09-29;Huelva;impresora;tienda;5;149,90;CLI-124
1130;2026-05-17;Cádiz;tablet;teléfono;10;314,10;CLI-014
1131;2026-09-29;Málaga;teclado;teléfono;6;25,00;CLI-112
1132;2026-10-11;Sevilla;tablet;online;;349,00;CLI-057
1133;2026-07-25;Granada;portátil;tienda;4;989,89;CLI-027
1134;2026-09-26;Almería;teclado;online;2;25,00;CLI-131
1135;2026-04-22;Málaga;monitor;online;;180,00;CLI-019
1136;2026-09-21;Granada;teclado;tienda;11;27,50;CLI-247
1137;2026-02-16;Sevilla;portátil;teléfono;;809,91;CLI-143
1138;2026-05-27;Granada;monitor;online;5;180,00;CLI-037
1139;2026-10-08;Córdoba;impresora;online;1;149,90;CLI-278
1140;2026-10-02;Cádiz;teclado;online;2;25,00;CLI-125
1141;2026-07-31;Cádiz;portátil;teléfono;2;899,90;CLI-226
1142;2026-03-29;Córdoba;impresora;tienda;9;149,90;CLI-103
1143;2026-07-24;Almería;tablet;teléfono;11;314,10;CLI-087
1144;2026-01-10;Jaén;ratón;tienda;12;12,50;CLI-067
1145;2026-08-31;Sevilla;tablet;teléfono;6;349,00;CLI-090
1146;2026-03-13;Granada;ratón;online;2;12,50;CLI-255
1147;2026-12-10;Jaén;impresora;;6;164,89;CLI-043
1148;2026-11-29;Almería;impresora;tienda;2;149,90;CLI-194
1149;2026-11-01;Sevilla;monitor;online;;162,00;CLI-273
1150;2026-06-25;Sevilla;portátil;teléfono;8;899,90;CLI-050
1151;2026-03-23;Huelva;monitor;tienda;2;198,00;CLI-066
1152;2026-03-17;Cádiz;portátil;online;;809,91;CLI-228
1153;2026-03-19;Cádiz;tablet;teléfono;11;314,10;CLI-003
1154;2026-02-19;Córdoba;ratón;online;8;12,50;CLI-035
1155;2026-08-13;Huelva;ratón;teléfono;5;11,25;CLI-129
1156;2026-08-29;Almería;ratón;online;3;13,75;CLI-053
1157;2026-04-15;Córdoba;tablet;;5;349,00;CLI-207
1158;2026-03-26;Málaga;monitor;tienda;7;162,00;CLI-066
1159;2026-11-27;Cádiz;tablet;tienda;;314,10;CLI-282
1160;2026-12-22;Almería;teclado;online;8;27,50;CLI-125
1161;2026-01-20;Córdoba;monitor;online;3;162,00;CLI-221
1162;2026-08-16;Cádiz;impresora;teléfono;8;149,90;CLI-031
1163;2026-01-19;Jaén;tablet;teléfono;5;314,10;CLI-212
1164;2026-12-07;Jaén;monitor;online;7;162,00;CLI-270
1165;2026-08-04;Cádiz;monitor;online;10;180,00;CLI-187
1166;2026-07-02;Granada;monitor;tienda;4;198,00;CLI-111
1167;2026-11-13;Cádiz;monitor;online;3;198,00;CLI-223
1168;2026-07-11;Granada;tablet;teléfono;2;349,00;CLI-052
1169;2026-07-23;Málaga;portátil;online;10;899,90;CLI-178
1170;2026-08-02;Córdoba;impresora;online;5;149,90;CLI-002
1171;2026-06-24;Sevilla;portátil;online;11;899,90;CLI-212
1172;2026-04-08;Huelva;portátil;;10;899,90;CLI-093
1173;2026-06-27;Córdoba;portátil;tienda;8;899,90;CLI-239
1174;2026-03-09;  MÁLAGA ;portátil;tienda;11;989,89;CLI-238
1175;2026-08-15;  HUELVA ;ratón;tienda;8;12,50;CLI-244
1176;2026-01-25;Cádiz;teclado;tienda;7;25,00;CLI-036
1177;2026-08-06;Málaga;teclado;online;3;25,00;CLI-006
1178;2026-05-13;Cádiz;monitor;tienda;12;162,00;CLI-116
1179;2026-07-30;Málaga;teclado;teléfono;10;25,00;CLI-136
1180;2026-11-11;Almería;teclado;tienda;12;27,50;CLI-269
1181;2026-05-10;Granada;monitor;teléfono;10;198,00;CLI-129
1182;2026-05-29;Cádiz;tablet;teléfono;5;383,90;CLI-107
1183;2026-03-25;Jaén;impresora;teléfono;;164,89;CLI-136
1184;2026-11-07;Córdoba;teclado;tienda;4;25,00;CLI-173
1185;2026-11-23;Málaga;impresora;teléfono;6;134,91;CLI-208
1186;2026-11-10;Huelva;impresora;teléfono;7;164,89;CLI-055
1187;2026-12-15;Huelva;teclado;teléfono;6;27,50;CLI-292
1188;2026-01-08;Jaén;ratón;online;12;11,25;CLI-180
1189;2026-01-06;Jaén;teclado;online;8;27,50;CLI-023
1190;2026-12-30;Almería;tablet;teléfono;9;349,00;CLI-028
1191;2026-08-10;Almería;portátil;online;5;809,91;CLI-132
1192;2026-04-22;Granada;portátil;tienda;4;899,90;CLI-091
1193;2026-11-13;  HUELVA ;portátil;tienda;11;809,91;CLI-275
1194;2026-05-29;Sevilla;tablet;tienda;7;349,00;CLI-118
1195;2026-02-23;Málaga;portátil;teléfono;12;899,90;CLI-199
1196;2026-08-14;Granada;portátil;online;7;899,90;CLI-190
1197;2026-04-08;Granada;tablet;online;5;383,90;CLI-077
1198;2026-11-07;Cádiz;teclado;teléfono;1;25,00;CLI-036
1199;2026-09-02;Huelva;ratón;teléfono;11;13,75;CLI-076
1200;2026-02-18;Sevilla;portátil;online;4;809,91;CLI-139
1201;2026-09-26;Sevilla;impresora;tienda;6;164,89;CLI-082
1202;2026-01-16;Málaga;impresora;tienda;8;134,91;CLI-198
1203;2026-07-20;Málaga;portátil;tienda;6;809,91;CLI-296
1204;2026-05-22;Córdoba;impresora;tienda;6;149,90;CLI-132
1205;2026-10-03;Málaga;portátil;teléfono;2;809,91;CLI-116
1206;2026-03-12;Sevilla;ratón;tienda;4;11,25;CLI-283
1207;2026-07-19;Almería;teclado;teléfono;11;25,00;CLI-242
1208;2026-04-07;Sevilla;teclado;online;8;25,00;CLI-034
1209;2026-11-16;Almería;impresora;teléfono;1;149,90;CLI-285
1210;2026-05-22;Huelva;teclado;teléfono;1;25,00;CLI-157
1211;2026-08-21;  CÁDIZ ;monitor;teléfono;2;162,00;CLI-107
1212;2026-05-13;Cádiz;teclado;;8;25,00;CLI-162
1213;2026-03-09;Granada;teclado;tienda;5;22,50;CLI-223
1214;2026-12-01;Córdoba;portátil;teléfono;1;899,90;CLI-016
1215;2026-01-15;Jaén;teclado;tienda;5;25,00;CLI-256
1216;2026-12-16;Jaén;tablet;teléfono;12;383,90;CLI-113
1217;2026-12-13;Huelva;portátil;teléfono;8;809,91;CLI-220
1218;2026-07-05;Córdoba;portátil;teléfono;5;809,91;CLI-285
1219;2026-07-26;Málaga;impresora;;11;134,91;CLI-011
1220;2026-12-16;Granada;ratón;teléfono;10;13,75;CLI-021
1221;2026-12-04;Huelva;ratón;online;2;12,50;CLI-183
1222;2026-03-02;Córdoba;portátil;online;4;809,91;CLI-107
1223;2026-08-24;Granada;teclado;tienda;1;25,00;CLI-271
1224;2026-03-30;Cádiz;ratón;teléfono;3;11,25;CLI-102
1225;2026-04-02;Almería;impresora;online;5;134,91;CLI-217
1226;2026-04-13;Málaga;ratón;online;7;13,75;CLI-189
1227;2026-05-15;Jaén;monitor;teléfono;4;198,00;CLI-170
1228;2026-04-10;Almería;tablet;tienda;2;349,00;CLI-236
1229;2026-04-26;Almería;monitor;teléfono;7;180,00;CLI-239
1230;2026-05-21;Almería;ratón;teléfono;2;12,50;CLI-024
1231;2026-06-22;Málaga;teclado;online;9;27,50;CLI-262
1232;2026-08-03;Málaga;ratón;tienda;12;11,25;CLI-144
1233;2026-09-25;Sevilla;portátil;tienda;6;899,90;CLI-296
1234;2026-05-16;Almería;teclado;tienda;11;25,00;CLI-146
1235;2026-09-04;Almería;monitor;online;9;162,00;CLI-039
1236;2026-05-17;Almería;tablet;online;1;349,00;CLI-092
1237;2026-11-13;Jaén;ratón;online;9;12,50;CLI-004
1238;2026-02-05;Granada;impresora;tienda;12;149,90;CLI-022
1239;2026-11-21;Sevilla;impresora;tienda;1;134,91;CLI-251
1240;2026-10-31;Málaga;portátil;online;1;899,90;CLI-102
1241;2026-09-10;Córdoba;tablet;tienda;1;349,00;CLI-192
1242;2026-04-13;Granada;ratón;online;9;12,50;CLI-258
1243;2026-12-22;Málaga;ratón;online;;13,75;CLI-205
1244;2026-06-06;Cádiz;portátil;tienda;6;899,90;CLI-043
1245;2026-04-06;Granada;portátil;tienda;9;899,90;CLI-124
1246;2026-06-06;Granada;portátil;teléfono;4;899,90;CLI-002
1247;2026-03-27;Cádiz;portátil;tienda;8;809,91;CLI-045
1248;2026-02-20;Jaén;ratón;online;3;13,75;CLI-126
1249;2026-03-12;Cádiz;portátil;online;1;899,90;CLI-262
1250;2026-03-18;Huelva;impresora;online;1;149,90;CLI-174
1251;2026-10-27;Sevilla;ratón;tienda;10;12,50;CLI-261
1252;2026-04-11;Huelva;portátil;tienda;3;899,90;CLI-250
1253;2026-09-20;Cádiz;impresora;tienda;6;149,90;CLI-286
1254;2026-10-26;Málaga;portátil;;8;899,90;CLI-012
1255;2026-08-30;Jaén;impresora;online;;164,89;CLI-279
1256;2026-08-05;Cádiz;teclado;tienda;6;25,00;CLI-050
1257;2026-08-01;Sevilla;ratón;online;10;13,75;CLI-238
1258;2026-10-08;Málaga;monitor;tienda;5;162,00;CLI-061
1259;2026-07-12;Almería;ratón;tienda;12;12,50;CLI-209
1260;2026-09-22;Sevilla;ratón;teléfono;1;12,50;CLI-090
1261;2026-12-27;Almería;portátil;tienda;11;899,90;CLI-080
1262;2026-03-11;Cádiz;portátil;;9;809,91;CLI-115
1263;2026-12-16;Jaén;ratón;tienda;7;12,50;CLI-031
1264;2026-10-05;Huelva;impresora;tienda;5;149,90;CLI-063
1265;2026-08-25;Granada;teclado;tienda;4;25,00;CLI-119
1266;2026-06-25;Sevilla;impresora;online;10;149,90;CLI-187
1267;2026-04-10;Huelva;impresora;teléfono;3;164,89;CLI-240
1268;2026-11-26;Sevilla;ratón;tienda;373;12,50;CLI-207
1269;2026-03-31;Málaga;impresora;tienda;9;149,90;CLI-177
1270;2026-08-22;Granada;ratón;tienda;3;12,50;CLI-066
1271;2026-12-20;Cádiz;monitor;teléfono;6;198,00;CLI-105
1272;2026-03-06;Huelva;teclado;online;7;25,00;CLI-164
1273;2026-02-03;Córdoba;teclado;teléfono;6;25,00;CLI-062
1274;2026-08-12;Córdoba;portátil;teléfono;8;899,90;CLI-037
1275;2026-02-07;Málaga;impresora;tienda;5;164,89;CLI-116
1276;2026-02-07;Cádiz;monitor;online;9;162,00;CLI-188
1277;2026-10-07;Granada;portátil;tienda;6;989,89;CLI-130
1278;2026-07-18;Málaga;monitor;tienda;4;180,00;CLI-013
1279;2026-06-29;Granada;monitor;tienda;2;180,00;CLI-182
1280;2026-07-08;Málaga;monitor;tienda;5;180,00;CLI-273
1281;2026-03-01;Córdoba;monitor;online;2;162,00;CLI-291
1282;2026-04-20;Cádiz;portátil;teléfono;11;899,90;CLI-034
1283;2026-03-09;Málaga;monitor;teléfono;;162,00;CLI-095
1284;2026-12-26;Cádiz;monitor;tienda;8;180,00;CLI-273
1285;2026-07-22;Granada;ratón;online;12;13,75;CLI-007
1286;2026-03-29;Almería;teclado;online;9;22,50;CLI-167
1287;2026-05-12;Sevilla;teclado;online;7;25,00;CLI-138
1288;2026-11-11;Huelva;portátil;online;5;899,90;CLI-228
1289;2026-01-21;Almería;ratón;teléfono;8;13,75;CLI-046
1290;2026-07-20;Granada;monitor;teléfono;6;180,00;CLI-175
1291;2026-10-22;Cádiz;portátil;online;8;809,91;CLI-006
1292;2026-01-25;Jaén;tablet;online;5;383,90;CLI-113
1293;2026-09-18;Huelva;monitor;teléfono;10;180,00;CLI-086
1294;2026-08-26;Málaga;ratón;tienda;10;13,75;CLI-206
1295;2026-05-27;Cádiz;teclado;teléfono;5;22,50;CLI-023
1296;2026-04-02;Granada;monitor;online;7;198,00;CLI-277
1297;2026-08-04;Cádiz;monitor;teléfono;1;180,00;CLI-245
1298;2026-09-15;Cádiz;teclado;online;2;27,50;CLI-210
1299;2026-10-07;Granada;impresora;online;9;134,91;CLI-269
1300;2026-12-05;Córdoba;monitor;teléfono;7;180,00;CLI-088
1301;2026-10-25;Huelva;monitor;online;10;180,00;CLI-171
1302;2026-02-15;Málaga;monitor;tienda;1;198,00;CLI-292
1303;2026-07-28;Granada;tablet;tienda;3;383,90;CLI-261
1304;2026-01-07;Huelva;monitor;tienda;;180,00;CLI-218
1305;2026-11-13;Almería;tablet;online;3;349,00;CLI-256
1306;2026-01-27;Cádiz;tablet;teléfono;;349,00;CLI-142
1307;2026-02-02;Huelva;teclado;online;5;25,00;CLI-218
1308;2026-04-18;Sevilla;ratón;teléfono;4;11,25;CLI-058
1309;2026-08-14;Huelva;ratón;teléfono;3;13,75;CLI-044
1310;2026-12-24;Jaén;teclado;tienda;5;25,00;CLI-154
1311;2026-08-13;Sevilla;ratón;teléfono;6;13,75;CLI-089
1312;2026-04-18;Córdoba;portátil;tienda;2;899,90;CLI-066
1313;2026-12-28;Cádiz;impresora;teléfono;7;164,89;CLI-081
1314;2026-02-15;Córdoba;monitor;teléfono;4;198,00;CLI-061
1315;2026-09-08;Málaga;monitor;online;11;162,00;CLI-015
1316;2026-11-23;Jaén;impresora;tienda;10;149,90;CLI-093
1317;2026-05-31;Sevilla;portátil;online;7;989,89;CLI-165
1318;2026-08-29;Málaga;ratón;online;12;12,50;CLI-207
1319;2026-06-17;Sevilla;monitor;online;1;162,00;CLI-219
1320;2026-06-11;Granada;impresora;tienda;2;134,91;CLI-150
1321;2026-07-30;Granada;teclado;teléfono;7;22,50;CLI-185
1322;2026-06-18;Granada;impresora;tienda;8;134,91;CLI-138
1323;2026-03-01;Almería;impresora;teléfono;2;134,91;CLI-001
1324;2026-05-02;Málaga;portátil;online;7;899,90;CLI-022
1325;2026-10-11;Córdoba;teclado;online;9;25,00;CLI-037
1326;2026-11-26;Cádiz;tablet;tienda;1;314,10;CLI-037
1327;2026-10-22;Jaén;portátil;teléfono;5;899,90;CLI-135
1328;2026-02-03;Jaén;teclado;tienda;6;27,50;CLI-250
1329;2026-11-13;Sevilla;teclado;tienda;1;25,00;CLI-088
1330;2026-10-20;Granada;teclado;teléfono;10;22,50;CLI-085
1331;2026-10-09;Granada;impresora;online;10;149,90;CLI-170
1332;2026-06-03;Sevilla;monitor;tienda;8;180,00;CLI-118
1333;2026-11-27;Huelva;monitor;teléfono;6;198,00;CLI-050
1334;2026-05-28;Sevilla;ratón;online;8;11,25;CLI-156
1335;2026-06-20;  ALMERÍA ;teclado;teléfono;9;25,00;CLI-024
1336;2026-07-09;Jaén;impresora;teléfono;6;164,89;CLI-224
1337;2026-06-17;Sevilla;impresora;;5;149,90;CLI-166
1338;2026-09-24;Cádiz;ratón;teléfono;4;12,50;CLI-134
1339;2026-07-24;  MÁLAGA ;portátil;tienda;6;809,91;CLI-254
1340;2026-07-30;Almería;teclado;tienda;;25,00;CLI-198
1341;2026-11-28;Almería;impresora;teléfono;4;149,90;CLI-127
1342;2026-11-10;Málaga;portátil;online;4;989,89;CLI-015
1343;2026-08-24;Huelva;ratón;online;7;11,25;CLI-100
1344;2026-12-01;Málaga;impresora;teléfono;1;164,89;CLI-158
1345;2026-02-08;Cádiz;impresora;tienda;4;134,91;CLI-130
1346;2026-11-11;Jaén;portátil;online;4;989,89;CLI-054
1347;2026-10-26;Jaén;teclado;online;12;25,00;CLI-207
1348;2026-08-17;Jaén;portátil;online;8;899,90;CLI-273
1349;2026-03-16;Almería;portátil;teléfono;7;989,89;CLI-205
1350;2026-03-29;Sevilla;teclado;tienda;3;25,00;CLI-257
1351;2026-03-07;Jaén;teclado;teléfono;1;22,50;CLI-081
1352;2026-11-17;Huelva;impresora;teléfono;11;134,91;CLI-228
1353;2026-09-06;Cádiz;tablet;teléfono;9;349,00;CLI-253
1354;2026-10-20;Cádiz;tablet;teléfono;2;314,10;CLI-251
1355;2026-10-04;Jaén;tablet;online;8;383,90;CLI-174
1356;2026-01-06;Jaén;ratón;online;5;13,75;CLI-271
1357;2026-09-08;Granada;monitor;teléfono;9;198,00;CLI-253
1358;2026-04-07;Málaga;tablet;online;3;314,10;CLI-134
1359;2026-02-04;Huelva;teclado;online;5;27,50;CLI-267
1360;2026-11-21;Almería;monitor;tienda;4;198,00;CLI-072
1361;2026-10-18;Málaga;portátil;online;3;899,90;CLI-071
1362;2026-04-15;Jaén;tablet;online;6;349,00;CLI-017
1363;2026-09-01;Huelva;teclado;online;9;25,00;CLI-173
1364;2026-06-30;Huelva;impresora;teléfono;;134,91;CLI-016
1365;2026-10-26;Sevilla;portátil;teléfono;4;989,89;CLI-272
1366;2026-08-17;Málaga;monitor;online;5;180,00;CLI-161
1367;2026-04-19;Jaén;portátil;tienda;2;809,91;CLI-167
1368;2026-09-13;Huelva;tablet;tienda;7;349,00;CLI-208
1369;2026-09-05;Málaga;ratón;online;8;11,25;CLI-101
1370;2026-02-16;Sevilla;monitor;online;6;180,00;CLI-070
1371;2026-09-03;Málaga;tablet;tienda;3;383,90;CLI-230
1372;2026-01-07;Almería;teclado;tienda;1;22,50;CLI-293
1373;2026-03-30;Sevilla;ratón;online;4;11,25;CLI-063
1374;2026-04-11;Jaén;teclado;teléfono;2;25,00;CLI-263
1375;2026-11-23;Almería;monitor;teléfono;10;180,00;CLI-171
1376;2026-05-30;Málaga;ratón;online;9;11,25;CLI-196
1377;2026-11-30;Huelva;ratón;tienda;3;12,50;CLI-187
1378;2026-01-13;Almería;impresora;teléfono;3;149,90;CLI-203
1379;2026-02-10;Cádiz;teclado;tienda;7;25,00;CLI-174
1380;2026-07-03;Granada;tablet;tienda;8;349,00;CLI-039
1381;2026-03-16;Cádiz;portátil;online;12;809,91;CLI-298
1382;2026-01-11;Jaén;teclado;online;2;27,50;CLI-262
1383;2026-01-10;Granada;monitor;online;2;180,00;CLI-160
1384;2026-07-06;Jaén;ratón;online;3;11,25;CLI-087
1385;2026-09-25;Córdoba;monitor;tienda;3;162,00;CLI-077
1386;2026-05-12;Granada;ratón;teléfono;10;11,25;CLI-268
1387;2026-05-01;Almería;monitor;tienda;1;180,00;CLI-175
1388;2026-12-22;Cádiz;tablet;tienda;;349,00;CLI-066
1389;2026-07-09;Jaén;monitor;tienda;6;198,00;CLI-160
1390;2026-05-15;Almería;tablet;online;5;349,00;CLI-158
1391;2026-02-10;Jaén;impresora;teléfono;6;134,91;CLI-098
1392;2026-11-02;Málaga;impresora;online;1;149,90;CLI-100
1393;2026-02-16;Córdoba;impresora;teléfono;9;164,89;CLI-227
1394;2026-12-02;Córdoba;monitor;online;6;180,00;CLI-074
1395;2026-06-11;Huelva;ratón;teléfono;7;12,50;CLI-027
1396;2026-12-16;Córdoba;teclado;teléfono;11;25,00;CLI-243
1397;2026-03-16;Jaén;ratón;tienda;10;12,50;CLI-286
1398;2026-06-25;Huelva;impresora;online;12;149,90;CLI-122
1399;2026-08-30;Córdoba;ratón;tienda;9;12,50;CLI-005
1400;2026-10-03;Cádiz;tablet;tienda;8;349,00;CLI-240
1401;2026-08-04;Almería;monitor;online;6;180,00;CLI-082
1402;2026-04-26;  CÁDIZ ;ratón;teléfono;9;11,25;CLI-006
1403;2026-03-03;Granada;teclado;online;12;25,00;CLI-053
1404;2026-07-27;Málaga;ratón;online;11;12,50;CLI-070
1405;2026-02-22;Jaén;monitor;tienda;2;162,00;CLI-203
1406;2026-09-05;Cádiz;impresora;online;12;134,91;CLI-184
1407;2026-07-28;Granada;impresora;online;9;149,90;CLI-045
1408;2026-10-04;Córdoba;tablet;teléfono;4;314,10;CLI-081
1409;2026-08-17;Huelva;tablet;tienda;10;349,00;CLI-049
1410;2026-08-18;Jaén;monitor;online;1;180,00;CLI-200
1411;2026-07-22;Cádiz;portátil;online;7;899,90;CLI-156
1412;2026-11-01;Huelva;teclado;teléfono;4;27,50;CLI-256
1413;2026-08-27;Huelva;ratón;teléfono;7;12,50;CLI-032
1414;2026-03-06;Córdoba;monitor;online;6;162,00;CLI-296
1415;2026-01-23;Sevilla;ratón;online;11;13,75;CLI-281
1416;2026-06-21;Almería;monitor;teléfono;8;198,00;CLI-143
1417;2026-05-25;Huelva;portátil;online;11;809,91;CLI-097
1418;2026-08-23;Almería;monitor;teléfono;;180,00;CLI-217
1419;2026-12-18;Córdoba;impresora;tienda;366;164,89;CLI-132
1420;2026-10-14;Málaga;ratón;tienda;9;12,50;CLI-121
1421;2026-09-01;Sevilla;monitor;tienda;6;180,00;CLI-160
1422;2026-10-22;  MÁLAGA ;portátil;online;4;809,91;CLI-093
1423;2026-12-08;Huelva;portátil;tienda;8;989,89;CLI-258
1424;2026-05-15;Córdoba;impresora;teléfono;12;134,91;CLI-044
1425;2026-08-03;Huelva;ratón;online;2;12,50;CLI-096
1426;2026-07-11;Jaén;ratón;teléfono;6;12,50;CLI-220
1427;2026-08-14;Almería;teclado;online;3;25,00;CLI-213
1428;2026-02-13;Sevilla;portátil;tienda;11;899,90;CLI-090
1429;2026-04-06;Huelva;ratón;teléfono;8;13,75;CLI-107
1430;2026-12-03;Cádiz;ratón;online;7;13,75;CLI-247
1431;2026-10-31;Huelva;portátil;;2;989,89;CLI-220
1432;2026-10-18;Almería;teclado;tienda;10;25,00;CLI-108
1433;2026-10-17;Huelva;impresora;online;10;164,89;CLI-193
1434;2026-06-05;Jaén;monitor;teléfono;11;180,00;CLI-006
1435;2026-08-17;Málaga;portátil;teléfono;5;809,91;CLI-281
1436;2026-10-09;Sevilla;portátil;online;10;989,89;CLI-177
1437;2026-06-05;Córdoba;teclado;teléfono;8;25,00;CLI-130
1438;2026-03-18;Jaén;teclado;tienda;;25,00;CLI-292
1439;2026-09-02;Cádiz;ratón;tienda;9;12,50;CLI-217
1440;2026-06-28;Málaga;teclado;teléfono;10;25,00;CLI-024
1441;2026-01-25;Huelva;teclado;online;2;27,50;CLI-121
1442;2026-01-23;Almería;ratón;teléfono;11;11,25;CLI-295
1443;2026-07-23;Sevilla;ratón;teléfono;3;12,50;CLI-200
1444;2026-05-28;Sevilla;impresora;tienda;11;149,90;CLI-229
1445;2026-08-20;Huelva;impresora;online;;149,90;CLI-135
1446;2026-10-08;Almería;tablet;teléfono;6;349,00;CLI-066
1447;2026-11-27;Jaén;monitor;tienda;11;180,00;CLI-132
1448;2026-02-13;Huelva;monitor;online;1;162,00;CLI-139
1449;2026-04-17;Málaga;monitor;online;3;162,00;CLI-043
1450;2026-11-03;Jaén;ratón;online;9;12,50;CLI-052
1451;2026-04-01;Málaga;impresora;tienda;5;164,89;CLI-260
1452;2026-05-01;Jaén;portátil;tienda;5;899,90;CLI-245
1453;2026-07-07;Córdoba;tablet;tienda;1;383,90;CLI-181
1454;2026-12-26;Huelva;portátil;teléfono;12;899,90;CLI-233
1455;2026-06-07;Huelva;teclado;teléfono;2;27,50;CLI-019
1456;2026-01-07;Málaga;impresora;;3;149,90;CLI-103
1457;2026-11-10;Córdoba;monitor;tienda;7;180,00;CLI-192
1458;2026-09-13;Málaga;teclado;tienda;;27,50;CLI-255
1459;2026-10-01;Huelva;ratón;teléfono;3;12,50;CLI-019
1460;2026-06-29;Córdoba;impresora;tienda;2;134,91;CLI-206
1461;2026-05-15;Almería;portátil;tienda;4;899,90;CLI-228
1462;2026-01-17;Málaga;ratón;tienda;2;12,50;CLI-094
1463;2026-12-22;Cádiz;impresora;online;7;149,90;CLI-059
1464;2026-11-28;Jaén;monitor;online;10;180,00;CLI-120
1465;2026-10-08;Sevilla;impresora;online;1;149,90;CLI-253
1466;2026-02-15;Almería;impresora;online;6;149,90;CLI-229
1467;2026-03-07;Cádiz;ratón;online;12;12,50;CLI-069
1468;2026-04-14;Málaga;teclado;tienda;5;25,00;CLI-197
1469;2026-01-23;Córdoba;impresora;tienda;6;149,90;CLI-260
1470;2026-11-27;Sevilla;tablet;online;2;349,00;CLI-193
1471;2026-04-15;Sevilla;impresora;teléfono;6;149,90;CLI-056
1472;2026-03-28;Almería;portátil;teléfono;10;899,90;CLI-095
1473;2026-03-23;Málaga;teclado;online;4;22,50;CLI-062
1474;2026-08-30;Huelva;monitor;tienda;2;162,00;CLI-008
1475;2026-06-20;Huelva;tablet;teléfono;10;349,00;CLI-295
1476;2026-03-04;Jaén;tablet;tienda;1;383,90;CLI-174
1477;2026-03-02;Málaga;teclado;tienda;;25,00;CLI-211
1478;2026-12-21;Sevilla;tablet;teléfono;11;383,90;CLI-168
1479;2026-02-24;Jaén;teclado;online;8;25,00;CLI-094
1480;2026-02-26;Málaga;portátil;tienda;11;989,89;CLI-052
1481;2026-07-21;Almería;impresora;online;6;149,90;CLI-179
1482;2026-11-21;Málaga;tablet;teléfono;6;314,10;CLI-251
1483;2026-05-21;Granada;portátil;teléfono;9;899,90;CLI-113
1484;2026-04-23;Almería;impresora;teléfono;2;134,91;CLI-053
1485;2026-09-08;Granada;tablet;tienda;5;349,00;CLI-246
1486;2026-10-29;Sevilla;tablet;tienda;5;314,10;CLI-016
1487;2026-09-26;Granada;teclado;online;11;25,00;CLI-120
1488;2026-02-03;  MÁLAGA ;teclado;teléfono;7;25,00;CLI-162
1489;2026-01-22;Córdoba;monitor;teléfono;5;180,00;CLI-205
1490;2026-03-21;Granada;tablet;tienda;5;314,10;CLI-017
1491;2026-05-27;Málaga;ratón;online;3;13,75;CLI-154
1492;2026-08-21;Granada;tablet;online;4;383,90;CLI-119
1493;2026-07-13;Sevilla;ratón;teléfono;12;11,25;CLI-032
1494;2026-02-19;Granada;portátil;teléfono;8;899,90;CLI-166
1495;2026-09-13;Granada;monitor;teléfono;1;180,00;CLI-059
1496;2026-09-12;Málaga;teclado;tienda;;25,00;CLI-232
1497;2026-03-05;Huelva;monitor;tienda;3;198,00;CLI-155
1498;2026-10-26;Almería;impresora;teléfono;1;134,91;CLI-143
1499;2026-10-19;Córdoba;teclado;teléfono;2;25,00;CLI-097
1500;2026-10-22;Granada;portátil;tienda;12;899,90;CLI-080
1501;2026-05-18;Granada;ratón;teléfono;9;11,25;CLI-060
1502;2026-11-05;Jaén;tablet;teléfono;4;383,90;CLI-202
1503;2026-07-21;Málaga;portátil;tienda;3;989,89;CLI-137
1504;2026-11-19;Jaén;tablet;teléfono;7;383,90;CLI-250
1505;2026-11-17;Málaga;tablet;online;10;314,10;CLI-141
1506;2026-05-05;Sevilla;ratón;;12;11,25;CLI-021
1507;2026-03-07;Jaén;ratón;online;6;13,75;CLI-188
1508;2026-11-03;Granada;impresora;tienda;9;149,90;CLI-127
1509;2026-05-29;Jaén;portátil;online;10;899,90;CLI-113
1510;2026-11-13;Huelva;teclado;online;1;25,00;CLI-252
1511;2026-04-11;Almería;ratón;online;1;13,75;CLI-185
1512;2026-04-21;Málaga;portátil;;10;809,91;CLI-207
1513;2026-01-19;Córdoba;teclado;teléfono;5;25,00;CLI-019
1514;2026-02-21;Sevilla;ratón;tienda;9;11,25;CLI-014
1515;2026-08-09;Granada;tablet;tienda;7;314,10;CLI-122
1516;2026-05-29;Cádiz;teclado;tienda;11;22,50;CLI-211
1517;2026-12-03;Huelva;tablet;tienda;2;314,10;CLI-107
1518;2026-02-24;Cádiz;portátil;teléfono;;809,91;CLI-209
1519;2026-06-23;Granada;ratón;online;12;13,75;CLI-075
1520;2026-02-15;Huelva;ratón;tienda;4;11,25;CLI-123
1521;2026-10-22;Cádiz;impresora;online;4;164,89;CLI-266
1522;2026-10-10;Sevilla;ratón;tienda;356;11,25;CLI-218
1523;2026-10-06;Córdoba;tablet;online;3;314,10;CLI-255
1524;2026-07-20;Granada;teclado;teléfono;4;22,50;CLI-130
1525;2026-12-26;Granada;tablet;tienda;4;383,90;CLI-252
1526;2026-12-14;Málaga;monitor;tienda;2;198,00;CLI-248
1527;2026-11-21;Huelva;tablet;tienda;1;314,10;CLI-135
1528;2026-11-15;Málaga;monitor;teléfono;9;162,00;CLI-138
1529;2026-06-22;Sevilla;ratón;teléfono;11;11,25;CLI-071
1530;2026-04-07;Jaén;tablet;teléfono;9;314,10;CLI-101
1531;2026-03-13;Cádiz;impresora;teléfono;4;149,90;CLI-054
1532;2026-02-21;Málaga;portátil;online;10;809,91;CLI-006
1533;2026-08-21;Huelva;impresora;online;3;149,90;CLI-043
1534;2026-02-16;Almería;ratón;online;12;12,50;CLI-216
1535;2026-05-24;Córdoba;portátil;teléfono;12;899,90;CLI-298
1536;2026-12-28;Cádiz;tablet;online;5;314,10;CLI-215
1537;2026-07-04;Jaén;monitor;online;9;180,00;CLI-166
1538;2026-05-17;Sevilla;tablet;tienda;4;383,90;CLI-286
1539;2026-07-31;Sevilla;ratón;online;9;12,50;CLI-294
1540;2026-06-03;Jaén;ratón;tienda;;13,75;CLI-040
1541;2026-05-04;Almería;monitor;teléfono;4;162,00;CLI-199
1542;2026-04-30;Cádiz;tablet;teléfono;12;383,90;CLI-234
1543;2026-01-26;Cádiz;impresora;online;2;149,90;CLI-238
1544;2026-10-17;Cádiz;monitor;online;9;162,00;CLI-184
1545;2026-12-29;Málaga;monitor;teléfono;9;198,00;CLI-283
1546;2026-03-12;Granada;impresora;online;11;149,90;CLI-138
1547;2026-02-14;Málaga;portátil;tienda;1;989,89;CLI-168
1548;2026-05-19;Granada;impresora;tienda;8;149,90;CLI-167
1549;2026-03-21;Córdoba;portátil;tienda;11;809,91;CLI-290
1550;2026-02-15;Granada;monitor;teléfono;1;162,00;CLI-159
1551;2026-09-08;Almería;portátil;online;5;809,91;CLI-272
1552;2026-09-06;Málaga;ratón;teléfono;7;12,50;CLI-139
1553;2026-09-18;Córdoba;ratón;tienda;9;13,75;CLI-142
1554;2026-12-21;Málaga;teclado;online;6;25,00;CLI-117
1555;2026-06-24;Almería;portátil;online;2;899,90;CLI-096
1556;2026-08-29;Almería;portátil;tienda;6;899,90;CLI-164
1557;2026-09-30;Sevilla;teclado;tienda;5;22,50;CLI-086
1558;2026-05-19;Cádiz;impresora;teléfono;8;149,90;CLI-008
1559;2026-03-10;Jaén;portátil;tienda;11;899,90;CLI-174
1560;2026-11-24;Almería;ratón;teléfono;7;13,75;CLI-133
1561;2026-07-24;Huelva;portátil;tienda;9;899,90;CLI-214
1562;2026-02-15;Cádiz;tablet;teléfono;6;314,10;CLI-220
1563;2026-04-27;Granada;tablet;online;5;349,00;CLI-264
1564;2026-11-04;Huelva;tablet;teléfono;;349,00;CLI-048
1565;2026-07-02;Almería;portátil;online;6;899,90;CLI-284
1566;2026-10-07;Almería;ratón;teléfono;12;11,25;CLI-201
1567;2026-09-13;Córdoba;portátil;online;;809,91;CLI-055
1568;2026-08-25;Jaén;monitor;tienda;9;180,00;CLI-059
1569;2026-05-04;Almería;monitor;online;7;198,00;CLI-276
1570;2026-05-19;Granada;ratón;teléfono;11;12,50;CLI-060
1571;2026-02-13;Sevilla;teclado;online;2;27,50;CLI-187
1572;2026-05-05;Granada;ratón;tienda;3;11,25;CLI-254
1573;2026-11-13;Córdoba;portátil;;2;989,89;CLI-019
1574;2026-09-13;Málaga;monitor;teléfono;3;180,00;CLI-244
1575;2026-04-30;Sevilla;monitor;teléfono;9;162,00;CLI-202
1576;2026-08-29;Granada;impresora;tienda;;164,89;CLI-199
1577;2026-09-03;Granada;teclado;online;8;25,00;CLI-162
1578;2026-01-11;Málaga;teclado;teléfono;12;22,50;CLI-174
1579;2026-04-28;Sevilla;portátil;teléfono;3;989,89;CLI-119
1580;2026-03-01;Córdoba;tablet;tienda;8;349,00;CLI-021
1581;2026-07-02;Huelva;tablet;online;11;349,00;CLI-249
1582;2026-12-06;Cádiz;portátil;teléfono;4;989,89;CLI-061
1583;2026-01-02;Córdoba;teclado;online;11;22,50;CLI-090
1584;2026-05-26;Granada;monitor;online;5;180,00;CLI-034
1585;2026-12-11;Córdoba;tablet;online;10;383,90;CLI-087
1586;2026-08-04;Córdoba;tablet;tienda;3;314,10;CLI-037
1587;2026-12-11;Huelva;monitor;teléfono;;198,00;CLI-218
1588;2026-01-25;Málaga;monitor;tienda;8;198,00;CLI-244
1589;2026-05-10;Cádiz;impresora;online;287;134,91;CLI-087
1590;2026-11-09;Sevilla;impresora;online;12;149,90;CLI-251
1591;2026-09-27;Málaga;tablet;online;4;349,00;CLI-199
1592;2026-09-14;Almería;monitor;tienda;6;180,00;CLI-166
1593;2026-01-14;Granada;teclado;teléfono;11;27,50;CLI-077
1594;2026-11-27;Sevilla;impresora;tienda;3;149,90;CLI-139
1595;2026-06-16;Granada;teclado;online;5;27,50;CLI-113
1596;2026-06-06;Sevilla;impresora;online;4;134,91;CLI-049
1597;2026-02-28;Almería;monitor;teléfono;2;180,00;CLI-073
1598;2026-04-19;Sevilla;tablet;;2;314,10;CLI-152
1599;2026-07-22;Jaén;teclado;tienda;11;22,50;CLI-097
1600;2026-04-16;Sevilla;impresora;teléfono;4;149,90;CLI-251
1601;2026-09-14;Jaén;ratón;tienda;2;11,25;CLI-090
1602;2026-03-13;Sevilla;monitor;teléfono;5;180,00;CLI-284
1603;2026-12-03;Córdoba;portátil;tienda;;989,89;CLI-223
1604;2026-03-24;Córdoba;impresora;teléfono;1;134,91;CLI-098
1605;2026-10-06;Jaén;teclado;online;;25,00;CLI-140
1606;2026-10-07;Almería;ratón;online;5;12,50;CLI-126
1607;2026-11-04;Granada;monitor;teléfono;5;180,00;CLI-051
1608;2026-06-08;  MÁLAGA ;ratón;teléfono;4;11,25;CLI-092
1609;2026-08-08;Jaén;portátil;teléfono;4;989,89;CLI-199
1610;2026-01-26;Almería;teclado;teléfono;9;27,50;CLI-291
1611;2026-02-16;Huelva;impresora;teléfono;5;164,89;CLI-020
1612;2026-11-12;Almería;teclado;online;1;25,00;CLI-212
1613;2026-03-13;Cádiz;teclado;;2;22,50;CLI-254
1614;2026-05-04;Málaga;monitor;online;;162,00;CLI-226
1615;2026-03-03;Jaén;teclado;tienda;11;25,00;CLI-221
1616;2026-02-13;Córdoba;portátil;tienda;2;899,90;CLI-033
1617;2026-06-30;Almería;portátil;teléfono;;809,91;CLI-167
1618;2026-02-20;Málaga;impresora;online;5;164,89;CLI-229
1619;2026-01-06;Cádiz;monitor;teléfono;5;180,00;CLI-105
1620;2026-05-13;Almería;monitor;online;6;162,00;CLI-122
1621;2026-06-19;Granada;ratón;tienda;7;12,50;CLI-079
1622;2026-04-16;Málaga;portátil;online;2;899,90;CLI-068
1623;2026-11-24;Jaén;monitor;tienda;2;180,00;CLI-241
1624;2026-12-02;Sevilla;tablet;online;11;349,00;CLI-128
1625;2026-10-13;Huelva;monitor;teléfono;7;198,00;CLI-160
1626;2026-08-30;Cádiz;tablet;teléfono;12;349,00;CLI-039
1627;2026-03-23;Granada;monitor;online;8;162,00;CLI-296
1628;2026-12-07;Cádiz;teclado;online;6;25,00;CLI-255
1629;2026-05-23;Huelva;monitor;online;11;162,00;CLI-224
1630;2026-08-13;Cádiz;impresora;tienda;5;164,89;CLI-135
1631;2026-01-14;  SEVILLA ;tablet;teléfono;4;349,00;CLI-292
1632;2026-12-10;Málaga;monitor;teléfono;9;162,00;CLI-216
1633;2026-06-05;Almería;monitor;online;5;162,00;CLI-144
1634;2026-03-31;Almería;monitor;teléfono;4;180,00;CLI-015
1635;2026-05-14;Almería;monitor;tienda;8;180,00;CLI-125
1636;2026-11-29;Sevilla;teclado;tienda;8;27,50;CLI-064
1637;2026-11-30;Córdoba;portátil;online;3;899,90;CLI-251
1638;2026-01-20;Almería;portátil;online;2;899,90;CLI-271
1639;2026-11-05;Almería;ratón;tienda;6;13,75;CLI-179
1640;2026-04-13;Jaén;monitor;;10;198,00;CLI-095
1641;2026-01-19;Cádiz;ratón;tienda;2;11,25;CLI-161
1642;2026-09-01;Málaga;teclado;tienda;11;27,50;CLI-254
1643;2026-07-21;Sevilla;impresora;tienda;2;134,91;CLI-018
1644;2026-11-08;Jaén;monitor;teléfono;9;180,00;CLI-270
1645;2026-02-14;Granada;tablet;teléfono;9;314,10;CLI-070
1646;2026-03-18;Jaén;tablet;teléfono;5;349,00;CLI-279
1647;2026-12-13;Jaén;tablet;online;10;349,00;CLI-059
1648;2026-12-07;Jaén;teclado;;6;27,50;CLI-259
1649;2026-05-09;Córdoba;monitor;online;4;180,00;CLI-036
1650;2026-12-24;Huelva;tablet;online;11;314,10;CLI-276
1651;2026-05-24;Málaga;teclado;online;9;25,00;CLI-268
1652;2026-10-14;Málaga;impresora;teléfono;1;149,90;CLI-204
1653;2026-12-09;Huelva;monitor;tienda;2;198,00;CLI-238
1654;2026-03-16;Jaén;monitor;online;5;162,00;CLI-116
1655;2026-05-13;Jaén;monitor;online;11;162,00;CLI-213
1656;2026-08-25;Córdoba;monitor;tienda;8;180,00;CLI-131
1657;2026-08-06;Granada;teclado;tienda;10;25,00;CLI-115
1658;2026-10-11;Córdoba;monitor;teléfono;6;162,00;CLI-060
1659;2026-05-09;Sevilla;teclado;teléfono;7;25,00;CLI-137
1660;2026-06-08;Sevilla;impresora;teléfono;9;164,89;CLI-292
1661;2026-10-24;Huelva;teclado;tienda;4;25,00;CLI-286
1662;2026-08-05;Sevilla;monitor;teléfono;1;198,00;CLI-085
1663;2026-01-18;Granada;monitor;teléfono;3;180,00;CLI-247
1664;2026-06-14;Almería;tablet;online;9;349,00;CLI-191
1665;2026-03-27;Málaga;portátil;tienda;4;809,91;CLI-240
1666;2026-10-28;Huelva;ratón;tienda;10;11,25;CLI-074
1667;2026-02-03;Granada;impresora;tienda;11;164,89;CLI-057
1668;2026-03-05;Jaén;impresora;teléfono;5;164,89;CLI-210
1669;2026-07-02;Granada;tablet;online;1;349,00;CLI-210
1670;2026-03-16;Jaén;portátil;tienda;5;989,89;CLI-016
1671;2026-05-02;Granada;ratón;tienda;8;13,75;CLI-151
1672;2026-06-20;Córdoba;impresora;teléfono;;134,91;CLI-007
1673;2026-04-10;Almería;teclado;tienda;8;25,00;CLI-024
1674;2026-04-22;Cádiz;monitor;;5;180,00;CLI-117
1675;2026-11-16;Cádiz;monitor;tienda;4;198,00;CLI-028
1676;2026-08-14;Cádiz;tablet;tienda;;314,10;CLI-240
1677;2026-09-13;Huelva;teclado;tienda;3;22,50;CLI-279
1678;2026-05-21;Málaga;teclado;tienda;3;25,00;CLI-139
1679;2026-06-03;Granada;tablet;teléfono;8;349,00;CLI-267
1680;2026-03-09;Almería;monitor;tienda;6;162,00;CLI-140
1681;2026-08-15;Sevilla;ratón;online;;12,50;CLI-148
1682;2026-04-29;Huelva;portátil;tienda;8;809,91;CLI-135
1683;2026-03-13;Almería;portátil;tienda;10;899,90;CLI-150
1684;2026-01-29;Huelva;impresora;online;2;134,91;CLI-047
1685;2026-05-27;Málaga;monitor;online;1;198,00;CLI-162
1686;2026-09-13;Málaga;portátil;online;2;899,90;CLI-233
1687;2026-12-27;Granada;ratón;tienda;5;11,25;CLI-133
1688;2026-03-26;Jaén;tablet;online;3;314,10;CLI-209
1689;2026-03-02;Cádiz;tablet;teléfono;4;314,10;CLI-237
1690;2026-10-27;Cádiz;portátil;online;9;899,90;CLI-279
1691;2026-12-26;Huelva;monitor;tienda;11;162,00;CLI-298
1692;2026-09-11;Granada;teclado;tienda;7;22,50;CLI-171
1693;2026-03-09;Almería;teclado;online;11;25,00;CLI-052
1694;2026-09-09;Cádiz;teclado;tienda;5;22,50;CLI-195
1695;2026-12-15;Huelva;teclado;online;;25,00;CLI-178
1696;2026-02-06;  HUELVA ;portátil;teléfono;5;809,91;CLI-242
1697;2026-08-24;Jaén;monitor;teléfono;10;198,00;CLI-115
1698;2026-08-03;Jaén;monitor;tienda;11;180,00;CLI-277
1699;2026-01-14;Almería;monitor;online;3;162,00;CLI-113
1700;2026-05-04;Córdoba;tablet;teléfono;6;383,90;CLI-180
1701;2026-04-22;Málaga;monitor;tienda;12;162,00;CLI-183
1702;2026-04-01;Sevilla;teclado;tienda;10;25,00;CLI-255
1703;2026-10-25;  HUELVA ;ratón;online;6;13,75;CLI-208
1704;2026-05-31;Huelva;teclado;;3;22,50;CLI-084
1705;2026-08-10;Huelva;impresora;tienda;2;134,91;CLI-267
1706;2026-01-12;Málaga;ratón;tienda;6;13,75;CLI-031
1707;2026-04-12;Jaén;monitor;tienda;8;180,00;CLI-247
1708;2026-05-26;Jaén;ratón;teléfono;7;13,75;CLI-169
1709;2026-01-26;Málaga;impresora;teléfono;6;149,90;CLI-100
1710;2026-07-12;Málaga;tablet;teléfono;12;383,90;CLI-058
1711;2026-11-20;Málaga;tablet;teléfono;3;349,00;CLI-239
1712;2026-02-16;Jaén;tablet;tienda;2;349,00;CLI-064
1713;2026-07-11;Huelva;monitor;tienda;8;180,00;CLI-274
1714;2026-11-26;Cádiz;ratón;tienda;1;11,25;CLI-027
1715;2026-04-05;Córdoba;ratón;;5;13,75;CLI-161
1716;2026-04-06;Huelva;teclado;tienda;1;25,00;CLI-099
1717;2026-05-08;Sevilla;portátil;online;8;899,90;CLI-025
1718;2026-05-27;Granada;tablet;online;5;383,90;CLI-009
1719;2026-04-03;Sevilla;ratón;teléfono;6;13,75;CLI-232
1720;2026-10-28;Huelva;monitor;tienda;4;180,00;CLI-043
1721;2026-11-01;Cádiz;monitor;tienda;2;180,00;CLI-100
1722;2026-05-25;Jaén;teclado;online;7;25,00;CLI-188
1723;2026-05-18;Huelva;ratón;tienda;11;11,25;CLI-196
1724;2026-09-21;Granada;ratón;online;8;13,75;CLI-206
1725;2026-02-27;Granada;impresora;tienda;4;134,91;CLI-159
1726;2026-08-09;Sevilla;tablet;teléfono;6;383,90;CLI-216
1727;2026-06-26;Málaga;impresora;online;6;149,90;CLI-014
1728;2026-06-16;Huelva;impresora;tienda;315;164,89;CLI-200
1729;2026-04-14;Cádiz;monitor;;7;162,00;CLI-240
1730;2026-04-15;Huelva;teclado;tienda;11;22,50;CLI-284
1731;2026-03-30;Sevilla;ratón;tienda;5;13,75;CLI-249
1732;2026-08-14;Huelva;monitor;online;;180,00;CLI-007
1733;2026-03-19;Almería;monitor;teléfono;7;198,00;CLI-101
1734;2026-08-31;Córdoba;ratón;online;12;13,75;CLI-267
1735;2026-04-21;Granada;impresora;online;3;134,91;CLI-245
1736;2026-01-23;Sevilla;ratón;tienda;7;12,50;CLI-140
1737;2026-04-10;Jaén;portátil;tienda;8;899,90;CLI-027
1738;2026-06-30;Jaén;teclado;online;9;25,00;CLI-121
1739;2026-01-09;Granada;tablet;tienda;11;349,00;CLI-042
1740;2026-07-09;Granada;impresora;tienda;7;149,90;CLI-183
1741;2026-10-15;Sevilla;monitor;teléfono;1;180,00;CLI-263
1742;2026-06-01;Sevilla;tablet;;2;383,90;CLI-188
1743;2026-05-02;Jaén;monitor;tienda;12;198,00;CLI-124
1744;2026-07-24;Almería;portátil;tienda;8;899,90;CLI-119
1745;2026-03-12;Granada;ratón;online;2;11,25;CLI-225
1746;2026-08-27;Jaén;ratón;tienda;12;13,75;CLI-189
1747;2026-08-05;Málaga;tablet;online;11;349,00;CLI-205
1748;2026-02-14;Jaén;teclado;online;8;25,00;CLI-193
1749;2026-02-27;Jaén;monitor;online;11;180,00;CLI-051
1750;2026-03-21;Almería;monitor;online;6;198,00;CLI-120
1751;2026-11-06;Jaén;monitor;tienda;3;198,00;CLI-294
1752;2026-08-16;Huelva;portátil;teléfono;8;989,89;CLI-066
1753;2026-03-20;Granada;tablet;online;3;314,10;CLI-020
1754;2026-05-09;Jaén;teclado;online;8;25,00;CLI-055
1755;2026-03-04;Málaga;impresora;tienda;312;149,90;CLI-228
1756;2026-01-04;Huelva;monitor;teléfono;4;198,00;CLI-179
1757;2026-02-15;Sevilla;teclado;tienda;9;25,00;CLI-024
1758;2026-04-17;Córdoba;impresora;tienda;4;149,90;CLI-033
1759;2026-09-02;Granada;tablet;online;11;383,90;CLI-143
1760;2026-02-18;Huelva;teclado;teléfono;;25,00;CLI-254
1761;2026-12-24;Almería;portátil;tienda;1;899,90;CLI-147
1762;2026-12-26;Córdoba;tablet;teléfono;9;349,00;CLI-261
1763;2026-08-11;Huelva;impresora;online;4;164,89;CLI-148
1764;2026-01-15;Málaga;portátil;online;5;989,89;CLI-281
1765;2026-09-22;Huelva;ratón;teléfono;;12,50;CLI-026
1766;2026-06-15;Cádiz;teclado;online;8;25,00;CLI-009
1767;2026-03-21;Jaén;tablet;teléfono;5;314,10;CLI-062
1768;2026-04-18;Huelva;impresora;online;2;134,91;CLI-281
1769;2026-08-31;Málaga;impresora;tienda;3;149,90;CLI-125
1770;2026-04-04;Granada;impresora;online;2;149,90;CLI-053
1771;2026-05-10;Almería;ratón;online;3;13,75;CLI-220
1772;2026-04-14;Almería;ratón;teléfono;1;12,50;CLI-195
1773;2026-05-09;Málaga;portátil;teléfono;10;899,90;CLI-117
1774;2026-09-25;Sevilla;monitor;online;6;162,00;CLI-266
1775;2026-08-30;Córdoba;portátil;teléfono;;809,91;CLI-152
1776;2026-12-01;Cádiz;monitor;online;8;162,00;CLI-196
1777;2026-11-11;Córdoba;tablet;teléfono;6;314,10;CLI-024
1778;2026-06-26;Málaga;impresora;online;11;149,90;CLI-054
1779;2026-11-20;Jaén;impresora;teléfono;;149,90;CLI-254
1780;2026-02-22;Jaén;tablet;teléfono;6;349,00;CLI-210
1781;2026-03-31;Sevilla;portátil;online;3;809,91;CLI-239
1782;2026-05-13;Granada;impresora;;7;149,90;CLI-134
1783;2026-06-05;Málaga;teclado;online;12;22,50;CLI-297
1784;2026-06-22;Almería;teclado;teléfono;4;25,00;CLI-028
1785;2026-01-14;Córdoba;monitor;teléfono;3;180,00;CLI-263
1786;2026-08-12;Cádiz;monitor;teléfono;10;180,00;CLI-230
1787;2026-11-02;Huelva;teclado;teléfono;4;27,50;CLI-233
1788;2026-03-01;Sevilla;tablet;tienda;12;349,00;CLI-184
1789;2026-09-07;Granada;monitor;online;6;180,00;CLI-197
1790;2026-06-06;  ALMERÍA ;impresora;teléfono;2;134,91;CLI-169
1791;2026-11-08;Málaga;impresora;;9;164,89;CLI-111
1792;2026-08-12;Huelva;ratón;teléfono;3;11,25;CLI-065
1793;2026-05-24;Granada;teclado;online;2;27,50;CLI-261
1794;2026-02-28;Sevilla;portátil;tienda;;899,90;CLI-121
1795;2026-05-26;Granada;portátil;online;11;899,90;CLI-069
1796;2026-03-05;Cádiz;monitor;teléfono;5;198,00;CLI-156
1797;2026-06-25;Córdoba;ratón;tienda;4;12,50;CLI-079
1798;2026-09-02;Almería;ratón;online;6;11,25;CLI-251
1799;2026-12-21;Granada;tablet;teléfono;10;383,90;CLI-131
1800;2026-11-03;Huelva;ratón;tienda;2;12,50;CLI-266
1801;2026-04-22;Cádiz;impresora;tienda;6;134,91;CLI-024
1802;2026-02-25;Huelva;tablet;tienda;2;383,90;CLI-146
1803;2026-07-06;Almería;impresora;tienda;8;164,89;CLI-300
1804;2026-11-28;Málaga;monitor;tienda;12;180,00;CLI-184
1805;2026-11-29;Córdoba;tablet;teléfono;10;349,00;CLI-027
1806;2026-02-15;Sevilla;impresora;online;9;149,90;CLI-126
1807;2026-02-03;Granada;teclado;teléfono;6;22,50;CLI-201
1808;2026-12-03;Huelva;monitor;teléfono;12;162,00;CLI-016
1809;2026-03-01;Málaga;impresora;teléfono;8;149,90;CLI-140
1810;2026-11-25;Córdoba;tablet;teléfono;6;383,90;CLI-182
1811;2026-06-23;Almería;teclado;online;5;27,50;CLI-026
1812;2026-06-13;Almería;monitor;teléfono;7;162,00;CLI-293
1813;2026-03-16;Almería;monitor;online;8;162,00;CLI-119
1814;2026-05-11;Huelva;monitor;online;12;180,00;CLI-177
1815;2026-04-26;Granada;monitor;teléfono;10;180,00;CLI-297
1816;2026-02-10;Sevilla;tablet;tienda;2;383,90;CLI-106
1817;2026-08-07;Málaga;impresora;online;10;149,90;CLI-216
1818;2026-04-11;Cádiz;impresora;teléfono;11;149,90;CLI-139
1819;2026-05-28;Granada;portátil;tienda;7;899,90;CLI-150
1820;2026-01-29;  MÁLAGA ;portátil;tienda;7;809,91;CLI-178
1821;2026-06-19;Almería;tablet;tienda;10;349,00;CLI-191
1822;2026-06-15;Sevilla;portátil;;7;899,90;CLI-163
1823;2026-12-17;Jaén;teclado;online;5;25,00;CLI-239
1824;2026-04-21;Córdoba;impresora;online;6;164,89;CLI-273
1825;2026-06-15;Málaga;tablet;teléfono;1;349,00;CLI-178
1826;2026-08-30;Almería;teclado;tienda;12;22,50;CLI-116
1827;2026-03-08;Jaén;impresora;online;8;149,90;CLI-049
1828;2026-12-17;Sevilla;portátil;tienda;10;809,91;CLI-013
1829;2026-09-09;Málaga;teclado;online;11;25,00;CLI-136
1830;2026-09-27;Huelva;monitor;tienda;;162,00;CLI-137
1831;2026-09-02;Cádiz;teclado;tienda;10;27,50;CLI-246
1832;2026-12-30;Sevilla;monitor;teléfono;11;180,00;CLI-061
1833;2026-03-07;Cádiz;ratón;teléfono;7;11,25;CLI-004
1834;2026-10-10;Granada;teclado;tienda;3;25,00;CLI-151
1835;2026-09-03;Málaga;impresora;online;11;149,90;CLI-149
1836;2026-05-14;Jaén;portátil;online;1;899,90;CLI-240
1837;2026-04-18;Sevilla;impresora;teléfono;4;134,91;CLI-144
1838;2026-09-11;Jaén;tablet;;3;349,00;CLI-068
1839;2026-01-29;Almería;monitor;teléfono;11;180,00;CLI-292
1840;2026-12-23;Granada;impresora;online;219;164,89;CLI-127
1841;2026-08-20;Granada;ratón;tienda;4;11,25;CLI-137
1842;2026-12-08;Málaga;impresora;teléfono;1;164,89;CLI-244
1843;2026-01-06;Málaga;monitor;teléfono;2;162,00;CLI-040
1844;2026-08-02;Córdoba;impresora;tienda;10;149,90;CLI-226
1845;2026-02-23;Córdoba;monitor;teléfono;5;180,00;CLI-136
1846;2026-08-30;Jaén;monitor;online;1;180,00;CLI-202
1847;2026-02-07;Cádiz;portátil;;2;989,89;CLI-225
1848;2026-05-29;Huelva;portátil;online;6;899,90;CLI-298
1849;2026-07-16;Málaga;teclado;tienda;9;25,00;CLI-042
1850;2026-09-30;Huelva;tablet;tienda;3;349,00;CLI-074
1851;2026-06-06;Córdoba;ratón;teléfono;5;11,25;CLI-033
1852;2026-12-17;Córdoba;impresora;online;6;149,90;CLI-189
1853;2026-04-08;  CÁDIZ ;ratón;online;9;11,25;CLI-064
1854;2026-05-27;Cádiz;teclado;tienda;11;25,00;CLI-103
1855;2026-04-12;Cádiz;portátil;tienda;8;989,89;CLI-247
1856;2026-12-30;Málaga;portátil;online;3;899,90;CLI-202
1857;2026-10-12;Málaga;portátil;online;6;989,89;CLI-178
1858;2026-01-28;Huelva;impresora;tienda;5;164,89;CLI-151
1859;2026-06-07;Granada;tablet;teléfono;4;349,00;CLI-174
1860;2026-07-05;Sevilla;monitor;teléfono;11;180,00;CLI-197
1861;2026-08-06;Jaén;teclado;teléfono;5;25,00;CLI-026
1862;2026-02-03;Granada;portátil;teléfono;11;989,89;CLI-181
1863;2026-10-26;Jaén;impresora;teléfono;2;149,90;CLI-136
1864;2026-06-19;Málaga;impresora;teléfono;1;149,90;CLI-184
1865;2026-10-28;Granada;tablet;teléfono;5;383,90;CLI-102
1866;2026-08-17;Almería;monitor;teléfono;4;198,00;CLI-094
1867;2026-06-05;Huelva;tablet;tienda;3;349,00;CLI-003
1868;2026-07-24;Sevilla;impresora;online;5;149,90;CLI-026
1869;2026-09-17;Cádiz;ratón;teléfono;12;12,50;CLI-204
1870;2026-08-06;Sevilla;monitor;online;1;162,00;CLI-054
1871;2026-09-10;Málaga;tablet;teléfono;1;383,90;CLI-009
1872;2026-08-22;Sevilla;portátil;tienda;9;989,89;CLI-192
1873;2026-03-02;Córdoba;monitor;online;8;180,00;CLI-213
1874;2026-03-02;Jaén;teclado;teléfono;1;25,00;CLI-287
1875;2026-01-04;Almería;teclado;teléfono;12;22,50;CLI-188
1876;2026-05-26;Almería;portátil;online;;899,90;CLI-149
1877;2026-03-24;Granada;tablet;teléfono;1;349,00;CLI-270
1878;2026-01-25;Sevilla;ratón;tienda;5;12,50;CLI-080
1879;2026-08-01;Córdoba;teclado;tienda;12;25,00;CLI-041
1880;2026-06-22;Huelva;portátil;online;10;899,90;CLI-282
1881;2026-04-05;Huelva;impresora;online;2;134,91;CLI-255
1882;2026-02-13;Málaga;ratón;tienda;6;12,50;CLI-108
1883;2026-11-01;Córdoba;tablet;tienda;2;349,00;CLI-115
1884;2026-01-16;Huelva;portátil;teléfono;4;809,91;CLI-112
1885;2026-02-16;Córdoba;ratón;teléfono;10;12,50;CLI-070
1886;2026-12-04;Jaén;teclado;teléfono;8;25,00;CLI-233
1887;2026-12-07;Cádiz;monitor;online;2;180,00;CLI-242
1888;2026-08-04;Huelva;tablet;teléfono;6;383,90;CLI-012
1889;2026-06-14;Sevilla;teclado;tienda;3;27,50;CLI-193
1890;2026-12-21;Granada;teclado;online;3;25,00;CLI-267
1891;2026-06-09;Córdoba;impresora;online;6;134,91;CLI-038
1892;2026-10-15;Sevilla;teclado;tienda;3;22,50;CLI-212
1893;2026-09-20;Cádiz;tablet;teléfono;4;349,00;CLI-192
1894;2026-01-10;Sevilla;portátil;tienda;12;989,89;CLI-297
1895;2026-03-23;Sevilla;monitor;online;1;180,00;CLI-128
1896;2026-01-17;Huelva;monitor;tienda;7;198,00;CLI-044
1897;2026-10-26;Sevilla;monitor;teléfono;12;162,00;CLI-263
1898;2026-08-14;Córdoba;impresora;online;7;149,90;CLI-082
1899;2026-01-23;Granada;teclado;teléfono;11;25,00;CLI-107
1900;2026-02-02;Almería;ratón;teléfono;1;12,50;CLI-121
1901;2026-01-13;Córdoba;impresora;tienda;5;149,90;CLI-176
1902;2026-07-05;Cádiz;ratón;online;298;11,25;CLI-263
1903;2026-01-02;Huelva;ratón;online;1;11,25;CLI-159
1904;2026-09-26;Huelva;portátil;teléfono;4;899,90;CLI-114
1905;2026-04-26;Málaga;ratón;tienda;12;13,75;CLI-207
1906;2026-05-10;Granada;teclado;tienda;1;27,50;CLI-268
1907;2026-09-25;Jaén;teclado;tienda;3;25,00;CLI-167
1908;2026-09-25;Sevilla;portátil;online;2;899,90;CLI-014
1909;2026-09-05;Málaga;monitor;tienda;3;162,00;CLI-284
1910;2026-12-08;Granada;portátil;online;5;989,89;CLI-200
1911;2026-01-23;Cádiz;impresora;teléfono;4;149,90;CLI-280
1912;2026-01-09;Almería;ratón;online;4;11,25;CLI-168
1913;2026-07-30;Granada;impresora;tienda;2;149,90;CLI-211
1914;2026-01-13;Almería;ratón;teléfono;9;12,50;CLI-166
1915;2026-08-17;Almería;ratón;teléfono;1;11,25;CLI-220
1916;2026-09-06;Jaén;tablet;online;4;349,00;CLI-093
1917;2026-04-25;Málaga;portátil;teléfono;2;809,91;CLI-032
1918;2026-08-18;Jaén;teclado;online;7;22,50;CLI-010
1919;2026-05-21;Málaga;ratón;teléfono;3;11,25;CLI-025
1920;2026-08-15;Almería;portátil;tienda;6;899,90;CLI-147
1921;2026-07-21;Cádiz;teclado;tienda;12;25,00;CLI-257
1922;2026-11-19;Málaga;impresora;tienda;;149,90;CLI-059
1923;2026-12-16;Sevilla;portátil;teléfono;4;989,89;CLI-190
1924;2026-09-04;Huelva;portátil;teléfono;10;989,89;CLI-210
1925;2026-04-10;Cádiz;impresora;online;12;149,90;CLI-017
1926;2026-04-29;Sevilla;ratón;tienda;8;12,50;CLI-222
1927;2026-08-18;Córdoba;teclado;teléfono;9;25,00;CLI-106
1928;2026-05-15;Cádiz;portátil;tienda;12;809,91;CLI-112
1929;2026-07-21;Huelva;ratón;online;6;11,25;CLI-038
1930;2026-04-03;Córdoba;impresora;online;4;134,91;CLI-019
1931;2026-10-20;  CÁDIZ ;teclado;teléfono;7;25,00;CLI-214
1932;2026-08-09;Almería;ratón;online;10;12,50;CLI-017
1933;2026-06-04;Huelva;ratón;online;2;12,50;CLI-269
1934;2026-01-13;Málaga;monitor;teléfono;10;162,00;CLI-250
1935;2026-03-11;Cádiz;impresora;tienda;;149,90;CLI-238
1936;2026-08-16;Almería;impresora;teléfono;6;149,90;CLI-018
1937;2026-07-02;Jaén;teclado;tienda;10;22,50;CLI-213
1938;2026-11-12;Granada;teclado;tienda;9;22,50;CLI-178
1939;2026-09-26;Almería;monitor;teléfono;6;162,00;CLI-156
1940;2026-03-02;Jaén;monitor;tienda;3;180,00;CLI-217
1941;2026-12-17;Sevilla;tablet;tienda;;349,00;CLI-063
1942;2026-07-04;Jaén;tablet;tienda;;383,90;CLI-093
1943;2026-06-01;Jaén;monitor;tienda;12;180,00;CLI-201
1944;2026-10-06;Córdoba;monitor;tienda;5;180,00;CLI-058
1945;2026-08-16;Córdoba;monitor;tienda;8;198,00;CLI-098
1946;2026-08-30;Málaga;teclado;online;7;27,50;CLI-203
1947;2026-12-06;Cádiz;monitor;tienda;4;162,00;CLI-007
1948;2026-01-01;Huelva;monitor;teléfono;5;180,00;CLI-233
1949;2026-11-13;Huelva;portátil;teléfono;4;899,90;CLI-051
1950;2026-01-16;Huelva;tablet;teléfono;5;383,90;CLI-064
1951;2026-08-01;Sevilla;ratón;teléfono;6;11,25;CLI-005
1952;2026-02-06;Málaga;ratón;tienda;6;11,25;CLI-070
1953;2026-07-18;Málaga;tablet;teléfono;9;349,00;CLI-007
1954;2026-05-17;Córdoba;impresora;teléfono;8;164,89;CLI-109
1955;2026-11-20;  SEVILLA ;teclado;teléfono;4;27,50;CLI-162
1956;2026-07-09;Granada;monitor;;8;180,00;CLI-224
1957;2026-09-03;Sevilla;impresora;teléfono;4;134,91;CLI-058
1958;2026-03-18;Jaén;teclado;online;3;27,50;CLI-135
1959;2026-11-04;Jaén;portátil;online;9;809,91;CLI-234
1960;2026-04-29;Málaga;teclado;tienda;10;25,00;CLI-226
1961;2026-03-26;Almería;impresora;;6;134,91;CLI-182
1962;2026-04-25;Huelva;impresora;teléfono;5;134,91;CLI-019
1963;2026-09-24;Granada;ratón;;1;12,50;CLI-222
1964;2026-07-07;Jaén;monitor;tienda;5;180,00;CLI-276
1965;2026-10-15;Almería;teclado;teléfono;7;25,00;CLI-112
1966;2026-09-16;Huelva;teclado;tienda;7;25,00;CLI-187
1967;2026-07-08;Málaga;portátil;tienda;11;899,90;CLI-278
1968;2026-12-24;Almería;impresora;teléfono;12;164,89;CLI-190
1969;2026-04-23;Cádiz;ratón;online;10;12,50;CLI-001
1970;2026-05-05;Málaga;portátil;online;6;989,89;CLI-060
1971;2026-06-08;Huelva;portátil;online;10;989,89;CLI-066
1972;2026-01-01;Jaén;tablet;online;11;383,90;CLI-177
1973;2026-10-08;Cádiz;impresora;online;7;134,91;CLI-027
1974;2026-04-24;Córdoba;impresora;teléfono;2;134,91;CLI-231
1975;2026-02-03;Málaga;teclado;teléfono;2;25,00;CLI-103
1976;2026-03-17;Almería;monitor;teléfono;10;198,00;CLI-105
1977;2026-09-06;Málaga;tablet;tienda;11;349,00;CLI-258
1978;2026-11-22;Almería;ratón;teléfono;3;12,50;CLI-233
1979;2026-08-05;Córdoba;tablet;teléfono;6;383,90;CLI-052
1980;2026-07-09;Jaén;monitor;tienda;8;180,00;CLI-206
1981;2026-01-11;Huelva;ratón;teléfono;3;11,25;CLI-089
1982;2026-12-22;Córdoba;monitor;teléfono;10;180,00;CLI-119
1983;2026-03-29;Sevilla;monitor;teléfono;1;180,00;CLI-068
1984;2026-08-11;Málaga;tablet;online;4;349,00;CLI-292
1985;2026-03-30;Cádiz;impresora;;9;149,90;CLI-240
1986;2026-03-14;Sevilla;tablet;online;2;383,90;CLI-110
1987;2026-03-07;Almería;monitor;tienda;9;180,00;CLI-096
1988;2026-07-03;Málaga;monitor;online;3;180,00;CLI-160
1989;2026-10-25;Córdoba;portátil;tienda;4;809,91;CLI-234
1990;2026-07-30;Cádiz;tablet;online;1;349,00;CLI-158
1991;2026-07-23;Cádiz;portátil;online;9;809,91;CLI-153
1992;2026-07-31;Sevilla;monitor;teléfono;2;180,00;CLI-042
1993;2026-10-21;Málaga;tablet;online;2;383,90;CLI-024
1994;2026-05-26;Huelva;tablet;teléfono;10;383,90;CLI-146
1995;2026-10-13;Almería;portátil;;8;899,90;CLI-118
1996;2026-08-19;Jaén;ratón;online;11;12,50;CLI-029
1997;2026-01-12;Almería;ratón;teléfono;12;12,50;CLI-177
1998;2026-12-04;Almería;portátil;tienda;3;809,91;CLI-217
1999;2026-10-08;Jaén;impresora;online;12;134,91;CLI-270
2000;2026-06-28;Almería;tablet;online;8;314,10;CLI-078
2001;2026-06-15;Huelva;ratón;teléfono;10;12,50;CLI-108
2002;2026-09-05;Almería;teclado;teléfono;11;25,00;CLI-165
2003;2026-09-14;Huelva;portátil;teléfono;7;899,90;CLI-045
2004;2026-01-11;Almería;teclado;online;3;25,00;CLI-236
2005;2026-05-16;Almería;portátil;tienda;10;899,90;CLI-177
2006;2026-12-28;Sevilla;monitor;;10;180,00;CLI-182
2007;2026-07-25;Jaén;portátil;;11;899,90;CLI-020
2008;2026-12-09;Almería;monitor;teléfono;2;198,00;CLI-176
2009;2026-06-24;Almería;monitor;online;8;180,00;CLI-250
2010;2026-10-03;Jaén;impresora;tienda;234;164,89;CLI-283
2011;2026-06-28;Almería;tablet;teléfono;2;349,00;CLI-064
2012;2026-07-05;Cádiz;monitor;online;4;180,00;CLI-086
2013;2026-08-16;Huelva;impresora;online;4;164,89;CLI-048
2014;2026-02-03;Málaga;impresora;tienda;2;149,90;CLI-291
2015;2026-10-31;Granada;tablet;online;1;349,00;CLI-255
2016;2026-02-17;Córdoba;tablet;online;5;349,00;CLI-224
2017;2026-04-29;Almería;tablet;tienda;7;349,00;CLI-112
2018;2026-12-11;Almería;tablet;teléfono;3;383,90;CLI-298
2019;2026-05-20;Huelva;tablet;online;2;349,00;CLI-065
2020;2026-09-04;Sevilla;portátil;tienda;1;809,91;CLI-062
2021;2026-03-23;Almería;teclado;online;3;25,00;CLI-073
2022;2026-07-09;Cádiz;teclado;tienda;9;25,00;CLI-175
2023;2026-08-18;Málaga;monitor;online;12;198,00;CLI-108
2024;2026-04-20;Jaén;ratón;online;7;11,25;CLI-056
2025;2026-09-13;Málaga;portátil;tienda;;809,91;CLI-213
2026;2026-02-14;Sevilla;tablet;online;3;349,00;CLI-267
2027;2026-02-03;  ALMERÍA ;tablet;teléfono;2;383,90;CLI-174
2028;2026-02-25;Almería;tablet;teléfono;7;349,00;CLI-089
2029;2026-11-15;Cádiz;monitor;teléfono;11;162,00;CLI-032
2030;2026-03-03;Sevilla;teclado;tienda;12;22,50;CLI-096
2031;2026-08-09;Málaga;ratón;teléfono;8;12,50;CLI-223
2032;2026-02-06;Sevilla;portátil;teléfono;9;899,90;CLI-149
2033;2026-01-16;Córdoba;impresora;teléfono;5;134,91;CLI-180
2034;2026-04-30;Almería;impresora;online;7;149,90;CLI-124
2035;2026-07-17;Córdoba;impresora;tienda;3;164,89;CLI-003
2036;2026-11-09;Almería;monitor;teléfono;5;180,00;CLI-194
2037;2026-02-14;Granada;teclado;teléfono;5;25,00;CLI-180
2038;2026-03-07;Jaén;monitor;teléfono;8;180,00;CLI-263
2039;2026-10-15;Málaga;ratón;tienda;2;13,75;CLI-215
2040;2026-03-03;Granada;ratón;online;11;12,50;CLI-034
2041;2026-07-20;Jaén;monitor;teléfono;7;180,00;CLI-217
2042;2026-01-23;Jaén;portátil;tienda;2;989,89;CLI-109
2043;2026-11-22;Almería;impresora;teléfono;10;149,90;CLI-104
2044;2026-05-31;Jaén;portátil;online;;989,89;CLI-035
2045;2026-12-13;Jaén;portátil;online;9;899,90;CLI-297
2046;2026-08-20;Córdoba;ratón;tienda;2;12,50;CLI-160
2047;2026-12-04;Jaén;monitor;tienda;7;180,00;CLI-119
2048;2026-05-05;Sevilla;tablet;online;6;383,90;CLI-061
2049;2026-04-22;Cádiz;teclado;tienda;3;25,00;CLI-113
2050;2026-06-24;Córdoba;monitor;tienda;10;198,00;CLI-278
2051;2026-12-07;Jaén;teclado;tienda;;22,50;CLI-281
2052;2026-10-23;Jaén;teclado;online;11;25,00;CLI-078
2053;2026-07-14;Sevilla;tablet;tienda;4;349,00;CLI-101
2054;2026-09-30;Málaga;monitor;online;1;198,00;CLI-016
2055;2026-10-14;Sevilla;teclado;tienda;6;25,00;CLI-299
2056;2026-09-03;Almería;teclado;online;259;25,00;CLI-126
2057;2026-06-26;Cádiz;ratón;online;5;13,75;CLI-034
2058;2026-03-07;Almería;ratón;tienda;3;12,50;CLI-265
2059;2026-04-04;Almería;teclado;teléfono;5;25,00;CLI-107
2060;2026-04-25;Sevilla;portátil;teléfono;12;899,90;CLI-200
2061;2026-02-17;Málaga;teclado;teléfono;5;25,00;CLI-183
2062;2026-08-08;Málaga;tablet;tienda;6;383,90;CLI-129
2063;2026-01-29;Huelva;ratón;online;7;11,25;CLI-246
2064;2026-10-04;Málaga;impresora;online;9;164,89;CLI-132
2065;2026-12-30;Jaén;teclado;teléfono;6;22,50;CLI-114
2066;2026-05-13;Huelva;ratón;online;10;12,50;CLI-093
2067;2026-12-27;Cádiz;impresora;;3;149,90;CLI-280
2068;2026-02-24;Almería;portátil;tienda;1;899,90;CLI-249
2069;2026-07-07;Sevilla;portátil;online;2;899,90;CLI-155
2070;2026-12-25;Almería;ratón;tienda;6;12,50;CLI-077
2071;2026-07-17;Sevilla;portátil;tienda;12;809,91;CLI-252
2072;2026-05-01;Jaén;teclado;teléfono;9;22,50;CLI-194
2073;2026-06-12;Jaén;monitor;tienda;5;198,00;CLI-017
2074;2026-12-12;Córdoba;portátil;tienda;7;899,90;CLI-062
2075;2026-07-31;Sevilla;ratón;teléfono;;12,50;CLI-074
2076;2026-07-06;Sevilla;teclado;teléfono;8;22,50;CLI-188
2077;2026-08-28;Córdoba;impresora;tienda;2;134,91;CLI-200
2078;2026-05-12;Almería;monitor;;4;162,00;CLI-136
2079;2026-06-19;Granada;portátil;teléfono;8;809,91;CLI-072
2080;2026-12-06;Granada;ratón;tienda;4;13,75;CLI-061
2081;2026-03-23;Málaga;tablet;teléfono;7;383,90;CLI-081
2082;2026-04-30;Sevilla;tablet;;3;314,10;CLI-238
2083;2026-11-24;Sevilla;monitor;tienda;7;162,00;CLI-047
2084;2026-11-02;Huelva;monitor;online;10;198,00;CLI-273
2085;2026-08-01;Cádiz;monitor;;2;180,00;CLI-107
2086;2026-07-04;  GRANADA ;teclado;tienda;;27,50;CLI-003
2087;2026-03-30;Granada;teclado;tienda;4;27,50;CLI-276
2088;2026-08-25;Málaga;monitor;online;5;180,00;CLI-293
2089;2026-03-16;Granada;portátil;teléfono;1;899,90;CLI-218
2090;2026-07-27;Jaén;portátil;tienda;11;899,90;CLI-291
2091;2026-12-29;Córdoba;impresora;tienda;7;149,90;CLI-206
2092;2026-09-29;Córdoba;tablet;teléfono;2;314,10;CLI-092
2093;2026-10-31;Almería;monitor;online;9;180,00;CLI-170
2094;2026-07-10;Cádiz;portátil;teléfono;5;989,89;CLI-071
2095;2026-08-09;Sevilla;monitor;tienda;1;162,00;CLI-230
2096;2026-09-30;Almería;monitor;teléfono;6;180,00;CLI-039
2097;2026-04-30;Sevilla;teclado;teléfono;7;22,50;CLI-035
2098;2026-01-28;Jaén;teclado;online;5;22,50;CLI-060
2099;2026-04-07;Cádiz;impresora;online;8;134,91;CLI-225
2100;2026-05-24;Málaga;monitor;online;10;180,00;CLI-168
2101;2026-12-05;Cádiz;monitor;online;7;162,00;CLI-160
2102;2026-05-31;Huelva;portátil;teléfono;4;899,90;CLI-219
2103;2026-06-28;Huelva;ratón;teléfono;12;12,50;CLI-222
2104;2026-06-28;Huelva;monitor;teléfono;9;180,00;CLI-277
2105;2026-02-23;Huelva;teclado;teléfono;1;25,00;CLI-084
2106;2026-03-26;Córdoba;teclado;tienda;7;27,50;CLI-078
2107;2026-11-15;Almería;ratón;teléfono;8;11,25;CLI-182
2108;2026-02-04;Sevilla;portátil;teléfono;12;989,89;CLI-004
2109;2026-05-02;Granada;teclado;online;9;27,50;CLI-134
2110;2026-06-24;Granada;impresora;tienda;9;134,91;CLI-093
2111;2026-11-06;Jaén;teclado;online;6;22,50;CLI-237
2112;2026-12-20;Granada;ratón;tienda;10;12,50;CLI-078
2113;2026-03-27;Jaén;impresora;online;8;164,89;CLI-172
2114;2026-10-19;Almería;tablet;tienda;9;349,00;CLI-131
2115;2026-06-01;Granada;portátil;tienda;11;899,90;CLI-057
2116;2026-12-23;Cádiz;tablet;online;;349,00;CLI-289
2117;2026-05-05;Córdoba;impresora;online;2;149,90;CLI-075
2118;2026-08-07;Cádiz;monitor;teléfono;12;198,00;CLI-112
2119;2026-08-18;Málaga;monitor;teléfono;4;162,00;CLI-238
2120;2026-07-30;Huelva;tablet;tienda;11;314,10;CLI-112
2121;2026-03-24;Huelva;teclado;tienda;10;25,00;CLI-031
2122;2026-04-28;Granada;impresora;tienda;3;134,91;CLI-078
2123;2026-02-06;Huelva;portátil;teléfono;4;809,91;CLI-008
2124;2026-05-26;Cádiz;portátil;teléfono;6;809,91;CLI-022
2125;2026-07-01;Granada;teclado;tienda;3;22,50;CLI-153
2126;2026-09-24;Sevilla;tablet;teléfono;7;383,90;CLI-278
2127;2026-06-23;Cádiz;ratón;teléfono;11;12,50;CLI-186
2128;2026-10-23;Granada;monitor;tienda;1;198,00;CLI-293
2129;2026-02-18;Almería;portátil;tienda;6;899,90;CLI-056
2130;2026-05-25;Jaén;impresora;teléfono;10;134,91;CLI-042
2131;2026-12-05;Córdoba;portátil;teléfono;1;989,89;CLI-292
2132;2026-01-29;Jaén;teclado;tienda;10;27,50;CLI-110
2133;2026-11-24;Málaga;ratón;tienda;11;11,25;CLI-059
2134;2026-05-26;Huelva;ratón;online;12;11,25;CLI-165
2135;2026-11-21;Jaén;monitor;online;9;180,00;CLI-103
2136;2026-03-10;Córdoba;portátil;teléfono;;899,90;CLI-148
2137;2026-04-08;Sevilla;impresora;online;6;149,90;CLI-178
2138;2026-01-24;Huelva;ratón;online;6;12,50;CLI-208
2139;2026-07-28;Granada;teclado;tienda;5;27,50;CLI-042
2140;2026-05-01;Córdoba;portátil;online;11;899,90;CLI-091
2141;2026-05-21;Huelva;portátil;tienda;11;809,91;CLI-078
2142;2026-12-03;Huelva;portátil;tienda;1;989,89;CLI-219
2143;2026-08-10;Granada;monitor;tienda;12;180,00;CLI-206
2144;2026-05-04;Almería;teclado;tienda;7;22,50;CLI-216
2145;2026-07-22;Córdoba;portátil;tienda;2;989,89;CLI-077
2146;2026-01-28;Cádiz;ratón;online;4;11,25;CLI-277
2147;2026-08-02;Cádiz;tablet;teléfono;12;383,90;CLI-284
2148;2026-06-05;Huelva;tablet;tienda;11;314,10;CLI-091
2149;2026-04-16;Cádiz;portátil;teléfono;9;899,90;CLI-008
2150;2026-04-04;Jaén;ratón;online;8;12,50;CLI-015
2151;2026-05-20;Sevilla;portátil;teléfono;11;899,90;CLI-240
2152;2026-07-26;Jaén;impresora;online;12;149,90;CLI-233
2153;2026-09-09;Almería;impresora;teléfono;;134,91;CLI-179
2154;2026-10-22;Almería;tablet;online;7;349,00;CLI-232
2155;2026-09-21;Granada;impresora;tienda;6;149,90;CLI-260
2156;2026-11-09;Sevilla;teclado;teléfono;1;27,50;CLI-205
2157;2026-03-12;Córdoba;teclado;online;9;27,50;CLI-040
2158;2026-07-15;Málaga;impresora;teléfono;11;149,90;CLI-103
2159;2026-08-03;Málaga;teclado;tienda;10;22,50;CLI-269
2160;2026-11-30;Sevilla;monitor;online;11;180,00;CLI-218
2161;2026-03-28;Málaga;impresora;teléfono;9;164,89;CLI-185
2162;2026-09-30;Granada;teclado;online;2;22,50;CLI-194
2163;2026-10-16;  JAÉN ;tablet;;12;349,00;CLI-214
2164;2026-08-17;Cádiz;monitor;teléfono;9;180,00;CLI-272
2165;2026-05-23;Almería;portátil;tienda;9;899,90;CLI-213
2166;2026-10-05;Almería;impresora;tienda;9;164,89;CLI-202
2167;2026-08-03;Huelva;tablet;online;11;349,00;CLI-103
2168;2026-02-16;Sevilla;ratón;teléfono;4;13,75;CLI-139
2169;2026-03-25;Jaén;portátil;teléfono;;899,90;CLI-161
2170;2026-10-13;Granada;tablet;tienda;12;349,00;CLI-276
2171;2026-04-12;Cádiz;ratón;teléfono;9;12,50;CLI-281
2172;2026-05-11;Granada;monitor;online;12;180,00;CLI-288
2173;2026-08-30;Almería;portátil;teléfono;11;899,90;CLI-012
2174;2026-09-01;Granada;tablet;teléfono;12;383,90;CLI-204
2175;2026-06-01;Sevilla;portátil;teléfono;1;809,91;CLI-058
2176;2026-01-01;Sevilla;tablet;tienda;3;349,00;CLI-004
2177;2026-04-06;Granada;portátil;online;7;989,89;CLI-249
2178;2026-12-11;Sevilla;tablet;online;1;349,00;CLI-182
2179;2026-06-19;Sevilla;impresora;online;8;164,89;CLI-222
2180;2026-09-13;Cádiz;portátil;online;10;809,91;CLI-129
2181;2026-06-21;Córdoba;ratón;tienda;2;13,75;CLI-163
2182;2026-11-29;Córdoba;ratón;tienda;6;12,50;CLI-091
2183;2026-09-09;Granada;impresora;tienda;9;164,89;CLI-059
2184;2026-11-09;Cádiz;teclado;teléfono;12;25,00;CLI-020
2185;2026-10-24;Huelva;impresora;tienda;1;149,90;CLI-131
2186;2026-03-02;Córdoba;portátil;tienda;7;899,90;CLI-191
2187;2026-03-04;Jaén;teclado;teléfono;10;25,00;CLI-041
2188;2026-11-21;Cádiz;ratón;tienda;2;11,25;CLI-268
2189;2026-12-28;Málaga;portátil;online;;809,91;CLI-017
2190;2026-08-22;Granada;tablet;online;3;314,10;CLI-007
2191;2026-11-10;Cádiz;teclado;tienda;4;27,50;CLI-189
2192;2026-07-09;Sevilla;tablet;online;10;349,00;CLI-010
2193;2026-07-03;Cádiz;impresora;online;4;164,89;CLI-255
2194;2026-04-30;Huelva;portátil;teléfono;1;809,91;CLI-011
2195;2026-05-27;Málaga;portátil;online;3;809,91;CLI-229
2196;2026-12-19;Huelva;portátil;online;7;899,90;CLI-220
2197;2026-02-20;Cádiz;impresora;teléfono;1;149,90;CLI-109
2198;2026-03-01;Córdoba;impresora;teléfono;6;164,89;CLI-256
2199;2026-10-10;Málaga;portátil;online;11;899,90;CLI-280
1555;2026-06-24;Almería;portátil;online;2;899,90;CLI-096
1665;2026-03-27;Málaga;portátil;tienda;4;809,91;CLI-240
1788;2026-03-01;Sevilla;tablet;tienda;12;349,00;CLI-184
1231;2026-06-22;Málaga;teclado;online;9;27,50;CLI-262
1220;2026-12-16;Granada;ratón;teléfono;10;13,75;CLI-021
1224;2026-03-30;Cádiz;ratón;teléfono;3;11,25;CLI-102
1115;2026-04-07;Cádiz;impresora;tienda;9;164,89;CLI-075
1263;2026-12-16;Jaén;ratón;tienda;7;12,50;CLI-031
1628;2026-12-07;Cádiz;teclado;online;6;25,00;CLI-255
1388;2026-12-22;Cádiz;tablet;tienda;;349,00;CLI-066
1575;2026-04-30;Sevilla;monitor;teléfono;9;162,00;CLI-202
1313;2026-12-28;Cádiz;impresora;teléfono;7;164,89;CLI-081
1866;2026-08-17;Almería;monitor;teléfono;4;198,00;CLI-094
1332;2026-06-03;Sevilla;monitor;tienda;8;180,00;CLI-118
1549;2026-03-21;Córdoba;portátil;tienda;11;809,91;CLI-290
